Keyword,Category,Clicks,Impressions,CTR,Position,Conversions
saas marketing,marketing,433,21482,2.02%,4.22,108
skale seo,SEO,122,166,73.49%,1.01,31
what is saas marketing,marketing,118,2634,4.48%,1.7,30
saas marketing metrics,marketing,117,1649,7.10%,1.69,29
saas email marketing,marketing,92,2799,3.29%,1.2,23
saas marketing agency,marketing,74,7704,0.96%,7.9,19
saas marketing team structure,marketing,72,566,12.72%,1.45,18
saas seo agency,SEO,70,4264,1.64%,4.05,18
link building agency,sales page,62,13904,0.45%,17.65,16
marketing saas,marketing,61,2350,2.60%,4.52,15
saas marketing kpis,marketing,51,270,18.89%,1.3,13
skale.so,other,46,75,61.33%,1,12
saas marketing tools,marketing,43,1082,3.97%,2.36,11
saas marketing plan,marketing,39,1553,2.51%,8.02,10
skale agency,sales page,38,79,48.10%,1.06,10
saas content marketing,marketing,36,4966,0.72%,8.04,9
email marketing for saas,marketing,36,198,18.18%,1.55,9
saas product marketing,marketing,33,1090,3.03%,7.37,8
skale,other,32,4190,0.76%,11.05,8
email marketing saas,marketing,30,212,14.15%,1.14,8
b2b saas marketing team structure,marketing,27,348,7.76%,2.5,7
saas seo,SEO,25,6434,0.39%,10.55,6
remote seo jobs,SEO,22,1680,1.31%,18.31,6
marketing for saas,marketing,21,1055,1.99%,4.01,5
saas marketing playbook,marketing,21,588,3.57%,4.13,5
saas email marketing strategy,marketing,21,145,14.48%,1.52,5
marketing saas tools,marketing,19,174,10.92%,1.33,5
seo saas tools,SEO,19,130,14.62%,2.01,5
saas marketing meaning,marketing,18,591,3.05%,2.77,5
demand gen metrics,demand generation,18,106,16.98%,3.67,5
demand generation metrics,demand generation,17,1039,1.64%,4.63,4
email saas,saas,16,608,2.63%,6.49,4
saas link building,saas,16,541,2.96%,6.18,4
marketing saas metrics,marketing,16,188,8.51%,1.61,4
seo jobs,SEO,15,15228,0.10%,31.41,4
saas marketing strategy,marketing,15,4129,0.36%,17.53,4
saas digital marketing,marketing,14,1869,0.75%,4.7,4
saas marketing roles,marketing,14,63,22.22%,2.73,4
saas marketing strategies,marketing,13,1671,0.78%,28.32,3
b2b saas marketing metrics,marketing,13,219,5.94%,2.39,3
nathan latka,other,12,1254,0.96%,13.75,3
saas agency,sales page,12,1029,1.17%,11.86,3
lead generation metrics,other,11,383,2.87%,14.45,3
best marketing saas,marketing,11,135,8.15%,2.21,3
seo agency,SEO,10,127697,0.01%,39.94,3
saas seo tools,SEO,10,2089,0.48%,1.12,3
marketing kpis for saas,marketing,10,222,4.50%,1.08,3
email marketing for saas companies,marketing,10,176,5.68%,2.36,3
marketing team structure,marketing,9,5399,0.17%,1.01,2
marketing saas companies,marketing,9,1502,0.60%,11.09,2
saas advertising,saas,9,733,1.23%,4.31,2
content marketing saas,marketing,9,422,2.13%,6.43,2
seo saas,SEO,8,1988,0.40%,8.32,2
saas email,saas,8,1456,0.55%,8.42,2
saas content,saas,8,1196,0.67%,7.43,2
saas marketing team,marketing,8,938,0.85%,2.5,2
saas team structure,saas,8,159,5.03%,1.08,2
saas meaning marketing,marketing,8,133,6.02%,2.83,2
scale seo,SEO,8,63,12.70%,4.11,2
content marketing for saas,marketing,7,1985,0.35%,7.35,2
saas content marketing strategy,marketing,7,1605,0.44%,6.46,2
seo remote jobs,SEO,7,528,1.33%,19.51,2
software as a service marketing,marketing,7,382,1.83%,2.86,2
saas marketing tool,marketing,7,161,4.35%,2.26,2
marketing metrics for saas,marketing,7,94,7.45%,1.78,2
saas inbound marketing,marketing,6,2259,0.27%,10.83,2
saas content strategy,saas,6,1405,0.43%,8.86,2
b2b saas metrics,saas,6,1006,0.60%,11.31,2
marketing for saas companies,marketing,6,677,0.89%,10.49,2
marketing agency saas,marketing,6,632,0.95%,9.72,2
saas growth agency,sales page,6,331,1.81%,15.68,2
saas marketing organization,marketing,6,266,2.26%,2.47,2
demand generation kpis,demand generation,6,220,2.73%,8.42,2
what is saas product marketing,marketing,6,155,3.87%,1.17,2
saas marketing structure,marketing,6,15,40%,2.47,2
seo agency for saas,SEO,5,812,0.62%,4.32,1
inbound marketing for saas,marketing,5,687,0.73%,7,1
marketing agency for saas,marketing,5,468,1.07%,9.16,1
saas in digital marketing,marketing,5,419,1.19%,2.82,1
link building for saas,saas,5,318,1.57%,9.24,1
digital marketing saas,marketing,5,244,2.05%,5.92,1
demand metrics,demand generation,5,225,2.22%,7.47,1
saas marketing kpi,marketing,5,35,14.29%,2.51,1
demand generation 2022,demand generation,5,24,20.83%,5.46,1
b2b saas marketing kpis,marketing,5,19,26.32%,3.37,1
marketing department structure,marketing,4,4562,0.09%,1.88,1
saas metrics,saas,4,4041,0.10%,30.68,1
b2b saas marketing agency,marketing,4,2599,0.15%,13.19,1
saas marketing agencies,marketing,4,927,0.43%,10.55,1
b2b saas seo agency,SEO,4,849,0.47%,7.16,1
saas keyword research,saas,4,568,0.70%,6.4,1
content marketing for saas companies,marketing,4,503,0.80%,9.22,1
seo saas software,SEO,4,447,0.89%,5.58,1
best seo saas,SEO,4,391,1.02%,1.89,1
marketing plan saas,marketing,4,389,1.03%,8.42,1
digital marketing saas platform,marketing,4,359,1.11%,6.09,1
saas marketing strategy template,marketing,4,289,1.38%,20.46,1
saas seo agencies,SEO,4,267,1.50%,3.97,1
saas sales and marketing,marketing,4,253,1.58%,20.56,1
marketing software as a service,marketing,4,246,1.63%,2.66,1
part time seo jobs,SEO,4,218,1.83%,19.83,1
saas marketer,saas,4,217,1.84%,5.43,1
saas marketing org chart,marketing,4,216,1.85%,1,1
saas in marketing,marketing,4,158,2.53%,3.51,1
saas email copywriting,saas,4,127,3.15%,6.98,1
saas link building agency,sales page,4,124,3.23%,1.46,1
saas keywords,saas,4,117,3.42%,5.57,1
saas experts,saas,4,110,3.64%,7.23,1
product marketing for saas,marketing,4,35,11.43%,6.37,1
seo for saas,SEO,3,2716,0.11%,16.25,1
saas kpis,saas,3,1686,0.18%,16.94,1
linkbuilding agency,sales page,3,1610,0.19%,16.54,1
marketing automation saas,marketing,3,1190,0.25%,8.78,1
digital marketing for saas,marketing,3,1189,0.25%,9.18,1
saas seo services,SEO,3,1120,0.27%,16.17,1
saas marketing automation,marketing,3,995,0.30%,13.87,1
small marketing team structure,marketing,3,846,0.35%,1.03,1
marketing plan for saas company,marketing,3,676,0.44%,10.38,1
saas marketing plan template,marketing,3,604,0.50%,17.28,1
saas for marketing,marketing,3,490,0.61%,2.4,1
saas marketing platform,marketing,3,482,0.62%,4,1
digital marketing strategy for saas,marketing,3,422,0.71%,22.18,1
marketing saas products,marketing,3,353,0.85%,9.63,1
saas marketers,saas,3,325,0.92%,2.33,1
latka saas,saas,3,304,0.99%,7.45,1
saas marketing course,marketing,3,275,1.09%,19.53,1
saas emails,saas,3,225,1.33%,16.08,1
sass marketing,marketing,3,167,1.80%,4.13,1
nathan latka saas,saas,3,128,2.34%,6.51,1
linkbuilding for saas,saas,3,117,2.56%,10.03,1
how to market your saas product,saas,3,115,2.61%,23.07,1
demand gen kpis,demand generation,3,93,3.23%,7.03,1
2022 metrics,other,3,64,4.69%,1.23,1
remote seo jobs worldwide,SEO,3,60,5%,27.62,1
saas software marketing,marketing,3,58,5.17%,4,1
saas marketing plan pdf,marketing,3,21,14.29%,9.1,1
saas seo roi,SEO,3,19,15.79%,2.63,1
link building services,link building,2,9580,0.02%,82.32,1
happy scribe,other,2,6293,0.03%,13.98,1
digital marketing for saas companies,marketing,2,1312,0.15%,15.88,1
demand generation tools,demand generation,2,949,0.21%,21.13,1
marketing tools,marketing,2,823,0.24%,46.24,1
saas marketing automation tools,marketing,2,803,0.25%,10.07,1
b2b saas content marketing,marketing,2,767,0.26%,11.26,1
demand gen vs lead gen,demand generation,2,542,0.37%,27.59,1
saas marketing definition,marketing,2,455,0.44%,2.15,1
spanish link building,link building,2,420,0.48%,36.13,1
marketing strategy for saas,marketing,2,409,0.49%,28.13,1
roles in a saas company,saas,2,397,0.50%,17.29,1
saas advertising agency,sales page,2,387,0.52%,11.92,1
product marketing saas,marketing,2,383,0.52%,6.92,1
saas marketing benchmarks,marketing,2,332,0.60%,13.2,1
how to market saas software,saas,2,318,0.63%,12.45,1
saas content marketing examples,marketing,2,316,0.63%,10.06,1
saas team,saas,2,304,0.66%,5.42,1
saas marketing examples,marketing,2,299,0.67%,66.53,1
seo agency saas,SEO,2,246,0.81%,4.37,1
what does saas marketing mean,marketing,2,244,0.82%,2.55,1
saas marketing experience,marketing,2,226,0.88%,3.92,1
how to market a saas product,saas,2,226,0.88%,15.6,1
seo tool for saas,SEO,2,201,1%,1.67,1
b2b enterprise saas marketing organization,marketing,2,197,1.02%,10.84,1
seo agencies for saas,SEO,2,195,1.03%,5.44,1
marketing plan for saas product,marketing,2,191,1.05%,10.26,1
site:skale.so,other,2,152,1.32%,1,1
software product marketing,marketing,2,140,1.43%,55.86,1
saas marketing courses,marketing,2,136,1.47%,10.35,1
remote seo specialist jobs,SEO,2,127,1.57%,21.75,1
b2b saas marketing team,marketing,2,126,1.59%,4.75,1
keyword research saas,saas,2,104,1.92%,5.88,1
marketing saas software,marketing,2,98,2.04%,2.01,1
software as a service marketing strategy,marketing,2,98,2.04%,9.47,1
part time seo jobs remote,SEO,2,96,2.08%,17.05,1
seo remote,SEO,2,82,2.44%,17.28,1
what is saas in marketing,marketing,2,64,3.12%,2.31,1
skale marketing,marketing,2,55,3.64%,5.16,1
seo remote job,SEO,2,55,3.64%,17.64,1
content marketing strategy for saas companies,marketing,2,50,4%,7.66,1
digital marketing saas companies,marketing,2,50,4%,15.24,1
seo consultant for saas,SEO,2,47,4.26%,8.49,1
link building agency for saas,sales page,2,39,5.13%,2.03,1
lazarina stoy,other,2,34,5.88%,14.15,1
product marketing job description saas,marketing,2,13,15.38%,7.69,1
arianna lupi,other,2,13,15.38%,16.54,1
martech saas,saas,2,12,16.67%,2.08,1
saas marketing metrics for managers and founders,marketing,2,5,40%,3.2,1
seo consultancy,SEO,1,17573,0.01%,42.01,1
seo management,SEO,1,13906,0.01%,41.76,1
link building company,link building,1,8832,0.01%,59.39,1
piktochart,other,1,3250,0.03%,38.24,1
outsource link building,link building,1,3090,0.03%,26.41,1
saas tools,saas,1,2390,0.04%,26.22,1
saas content marketing agency,marketing,1,2074,0.05%,30.4,1
b2b saas seo,SEO,1,2047,0.05%,29.18,1
saas seo platform,SEO,1,1909,0.05%,1.55,1
happyscribe,other,1,1574,0.06%,20.2,1
backlink building agency,sales page,1,1557,0.06%,40.92,1
seo tools,SEO,1,1273,0.08%,80.03,1
slite,other,1,1195,0.08%,37.48,1
saas seo consultant,SEO,1,1095,0.09%,5.74,1
b2b saas marketing plan,marketing,1,1046,0.10%,21.3,1
content strategy for saas,saas,1,980,0.10%,11.14,1
seo management team,SEO,1,975,0.10%,51.98,1
b2b marketing team structure,marketing,1,900,0.11%,4.29,1
saas marketing software,marketing,1,849,0.12%,5.64,1
saas content agency,sales page,1,782,0.13%,31.95,1
saas organizational structure,saas,1,720,0.14%,10.04,1
saas seo expert,SEO,1,714,0.14%,3.9,1
inbound marketing saas,marketing,1,690,0.14%,17.7,1
product marketing team structure,marketing,1,664,0.15%,6.83,1
saas business plan,saas,1,629,0.16%,37.81,1
link building companies,link building,1,592,0.17%,61.85,1
marketing kpis b2b,marketing,1,578,0.17%,71.43,1
backlink agency,sales page,1,572,0.17%,36.09,1
saas product marketing strategy,marketing,1,496,0.20%,15.41,1
saas campaign management,saas,1,491,0.20%,32.72,1
saas marketing firm,marketing,1,489,0.20%,9,1
enterprise saas metrics,saas,1,489,0.20%,19.59,1
seo link building agency,SEO,1,469,0.21%,35.21,1
marketing automation for saas,marketing,1,460,0.22%,10.43,1
b2b saas content marketing strategy,marketing,1,456,0.22%,9.53,1
product marketing tools,marketing,1,435,0.23%,38.77,1
b2b saas marketing agencies,marketing,1,420,0.24%,15.26,1
saas b2b metrics,saas,1,413,0.24%,11.07,1
saas seo consulting,SEO,1,401,0.25%,9.15,1
saas email marketing examples,marketing,1,386,0.26%,12.24,1
saas email marketing platform,marketing,1,385,0.26%,34.23,1
in house seo jobs,SEO,1,382,0.26%,44.75,1
www.happyscribe,other,1,347,0.29%,5.82,1
search engine optimization agency,sales page,1,347,0.29%,83.7,1
saas content marketer,saas,1,341,0.29%,37.62,1
saas roles,saas,1,338,0.30%,17.77,1
keyword research for saas,saas,1,332,0.30%,5.13,1
how to market saas,saas,1,327,0.31%,10.28,1
marketing a saas product,marketing,1,296,0.34%,8.92,1
saas seo consultants,SEO,1,295,0.34%,6.21,1
saas marketing tips,marketing,1,293,0.34%,48.67,1
saas online marketing,marketing,1,286,0.35%,7.24,1
learn saas marketing,marketing,1,278,0.36%,7.68,1
saas startup marketing plan,marketing,1,271,0.37%,10.82,1
saas company structure,saas,1,269,0.37%,8.96,1
saas branding agency,sales page,1,259,0.39%,11.4,1
marketing team structures,marketing,1,257,0.39%,2.56,1
demand generation steps,demand generation,1,257,0.39%,46.1,1
backlink building strategies,link building,1,257,0.39%,48.41,1
crowd link building,link building,1,250,0.40%,26.72,1
get latka,other,1,245,0.41%,7.29,1
what is saas market,saas,1,228,0.44%,2.46,1
happy scribe jobs,other,1,226,0.44%,13.31,1
marketing software saas,marketing,1,194,0.52%,3.85,1
how to market saas product,saas,1,190,0.53%,14.86,1
ways to build links,link building,1,187,0.53%,53.81,1
important saas metrics,saas,1,185,0.54%,21.48,1
saas sales team structure,saas,1,173,0.58%,32.7,1
email marketing flow,marketing,1,170,0.59%,57.69,1
b2b saas marketing plan template,marketing,1,165,0.61%,32.85,1
branding team structure,other,1,154,0.65%,4.21,1
seo remote jobs usa,SEO,1,154,0.65%,20.39,1
marketing metrics questions,marketing,1,140,0.71%,49.74,1
marketing agency for saas companies,marketing,1,138,0.72%,10.78,1
saas product strategy,saas,1,137,0.73%,64.68,1
backlinks agency,sales page,1,134,0.75%,26.18,1
saas key metrics,saas,1,133,0.75%,16.03,1
marketing plan for saas,marketing,1,126,0.79%,8.9,1
product marketing org chart,marketing,1,124,0.81%,42.32,1
seo keywords for saas,SEO,1,123,0.81%,5.46,1
link building database,link building,1,117,0.85%,51.32,1
automation saas,saas,1,114,0.88%,16.66,1
saas meaning,saas,1,113,0.88%,67.77,1
sass marketing automation,marketing,1,108,0.93%,9.78,1
www.happyscribe.com,other,1,101,0.99%,5.3,1
jake stainer,other,1,101,0.99%,6.06,1
top saas metrics,saas,1,100,1%,27.62,1
saas seo tool,SEO,1,93,1.08%,1.24,1
saas customer marketing,marketing,1,93,1.08%,28.28,1
digital marketing agency for saas,marketing,1,92,1.09%,14.51,1
happy scribe job,other,1,90,1.11%,10.92,1
scale saas marketing,marketing,1,88,1.14%,2.17,1
saas email marketing strategies,marketing,1,87,1.15%,1.62,1
saas marketing resources,marketing,1,87,1.15%,4.83,1
seo part time jobs,SEO,1,83,1.20%,24.05,1
saas linkbuilding,saas,1,79,1.27%,7.1,1
marketing funnel saas,marketing,1,72,1.39%,76.39,1
saas playbook,saas,1,71,1.41%,34.82,1
demand gen tools,demand generation,1,70,1.43%,12.44,1
remote jobs seo,SEO,1,70,1.43%,20.06,1
team saas,saas,1,66,1.52%,6.3,1
b2b saas org chart,saas,1,64,1.56%,5.41,1
saas outbound marketing,marketing,1,63,1.59%,23.81,1
saas company marketing plan,marketing,1,62,1.61%,5.24,1
saas growth marketing agency,marketing,1,59,1.69%,15.54,1
saas advertising platform,saas,1,58,1.72%,9.97,1
key marketing metrics saas,marketing,1,57,1.75%,2.09,1
seo specialist jobs remote,SEO,1,52,1.92%,22.12,1
link building strategies 2022,link building,1,47,2.13%,36.38,1
saas markeing,saas,1,43,2.33%,3.74,1
kpi saas b2b,saas,1,43,2.33%,9.3,1
entry level remote seo jobs,SEO,1,42,2.38%,19.76,1
skale logo,other,1,41,2.44%,9.39,1
how to measure demand generation,demand generation,1,39,2.56%,8.05,1
backlinking agency,sales page,1,38,2.63%,25.45,1
link building for saas companies,saas,1,37,2.70%,12.89,1
marketing in saas,marketing,1,34,2.94%,2,1
skale brands,other,1,31,3.23%,2.32,1
saas marketing certification,marketing,1,30,3.33%,32.5,1
how to do saas marketing,marketing,1,29,3.45%,8.28,1
marketing tool top,marketing,1,29,3.45%,26.38,1
best seo company in egypt,SEO,1,28,3.57%,125.25,1
seo job remote,SEO,1,24,4.17%,15,1
saas social media,saas,1,24,4.17%,78.58,1
what is saas,saas,1,23,4.35%,65,1
what is b2b saas marketing,marketing,1,23,4.35%,72.17,1
skale app,other,1,22,4.55%,12.68,1
seo link building jobs,SEO,1,22,4.55%,24.64,1
www.happy scribe.com,other,1,21,4.76%,7.05,1
the saas email marketing playbook,marketing,1,15,6.67%,12.73,1
saas magazine,saas,1,15,6.67%,23.13,1
www piktochart com sign in,other,1,15,6.67%,66.4,1
types of marketing,marketing,1,14,7.14%,2,1
skalebrands,other,1,14,7.14%,6.5,1
lead generation 2022,other,1,14,7.14%,24.86,1
slite notion,other,1,11,9.09%,21,1
time to market kpi,other,1,11,9.09%,57.45,1
marketing team organizational chart,marketing,1,10,10%,1,1
cvr saas,saas,1,10,10%,1.3,1
inbound marketing 2022,marketing,1,10,10%,41.5,1
b2b saas kpi,saas,1,9,11.11%,10.78,1
product marketing manager saas,marketing,1,9,11.11%,11.33,1
saas product life cycle,saas,1,8,12.50%,79.12,1
ivana drakulevska,other,1,7,14.29%,9.43,1
creative link building strategies,link building,1,7,14.29%,66.43,1
email marketing strategy 2022,marketing,1,7,14.29%,86.57,1
marketing metrics 2022,marketing,1,5,20%,10.6,1
marketing kpis 2022,marketing,1,5,20%,16.8,1
seo part time,SEO,1,5,20%,16.8,1
saas marketing 101,marketing,1,4,25%,6.5,1
seo part time jobs from home,SEO,1,4,25%,47.5,1
saas marketing org structure,marketing,1,3,33.33%,1.33,1
key saas marketing metrics,marketing,1,3,33.33%,1.67,1
voucherify,other,1,3,33.33%,10,1
saas marketing strategy pdf,marketing,1,3,33.33%,25.67,1
free saas software,saas,1,3,33.33%,26.33,1
marketing a saas,marketing,1,2,50%,1,1
marketing channels,marketing,1,2,50%,2.5,1
saas ads,saas,1,2,50%,3,1
getlatka revenue,other,1,2,50%,10,1
business plan for saas startup,saas,1,2,50%,25,1
seo company in egypt,SEO,1,2,50%,117,1
sales and marketing,marketing,1,1,100%,2,1
saas address,saas,1,1,100%,3,1
happyscirbe,other,1,1,100%,8,1
saas company sales structure,saas,1,1,100%,16,1
seo software,SEO,0,17729,0%,82.65,1
seo agencies,SEO,0,15599,0%,43.83,1
b2b seo agency,SEO,0,11265,0%,62.84,1
seo marketing agency,marketing,0,7992,0%,79.18,1
demand generation,demand generation,0,7519,0%,56.8,1
agency seo,SEO,0,6615,0%,42.82,1
marketing metrics,marketing,0,4797,0%,57.22,1
best seo agency,SEO,0,4648,0%,58.61,1
link building,link building,0,4543,0%,61.07,1
b2b saas marketing,marketing,0,4115,0%,68.63,1
seo companies,SEO,0,4034,0%,58.67,1
marketing strategy agency,marketing,0,3964,0%,61.4,1
seo analysis software,SEO,0,3950,0%,54.62,1
seo careers,SEO,0,3544,0%,45.92,1
seo ranking software,SEO,0,3539,0%,68.98,1
seo software tools,SEO,0,3311,0%,54.53,1
seo consultants,SEO,0,3281,0%,82.06,1
best seo platform,SEO,0,3276,0%,50.63,1
seo for saas companies,SEO,0,2763,0%,36.87,1
seo monitoring software,SEO,0,2737,0%,66.06,1
seo position software,SEO,0,2714,0%,61.23,1
seo software tool,SEO,0,2649,0%,56.6,1
demand generation vs lead generation,demand generation,0,2642,0%,35.32,1
seo for agencies,SEO,0,2499,0%,45.61,1
seo content agency,SEO,0,2468,0%,57,1
seo expert agency,SEO,0,2362,0%,59.96,1
best seo tools,SEO,0,2343,0%,70.99,1
link building strategies,link building,0,2145,0%,40.36,1
seo roi,SEO,0,2129,0%,72.72,1
seo kpis,SEO,0,2099,0%,56.26,1
seo tools software,SEO,0,2055,0%,49.85,1
seo software platform,SEO,0,1919,0%,75.06,1
link building service,link building,0,1888,0%,85.36,1
seo managment,SEO,0,1843,0%,38.31,1
seo management company,SEO,0,1786,0%,58.22,1
seo analyzer software,SEO,0,1783,0%,65.1,1
seo softwares,SEO,0,1723,0%,68.09,1
seo software and tools,SEO,0,1699,0%,43.71,1
enterprise saas seo,SEO,0,1675,0%,61.46,1
seo outreach,SEO,0,1663,0%,54.67,1
demand lead generation,demand generation,0,1654,0%,47.17,1
best saas marketing companies,marketing,0,1652,0%,25.63,1
link building agencies,link building,0,1629,0%,36.59,1
link building for agencies,link building,0,1567,0%,35.69,1
seo professional software,SEO,0,1557,0%,44.52,1
best b2b seo agency,SEO,0,1543,0%,65.74,1
software seo,SEO,0,1523,0%,82.37,1
link building management,link building,0,1513,0%,71.4,1
jobs in seo,SEO,0,1496,0%,51.15,1
software for seo,SEO,0,1492,0%,72.81,1
link building outreach service,link building,0,1422,0%,39.82,1
demand gen,demand generation,0,1412,0%,54.47,1
seo firm,SEO,0,1410,0%,34.93,1
what is an seo agency,SEO,0,1401,0%,68.87,1
link building software,link building,0,1397,0%,80.61,1
seo website software,SEO,0,1371,0%,78.82,1
saas marketing companies,marketing,0,1331,0%,13.87,1
outsource seo link building,SEO,0,1325,0%,23.24,1
link building tactics,link building,0,1314,0%,54.76,1
email marketing strategies,marketing,0,1305,0%,65.88,1
the seo agency,SEO,0,1297,0%,57.14,1
link building experts,link building,0,1297,0%,65.76,1
seo tool software,SEO,0,1270,0%,53.91,1
custom link building,link building,0,1219,0%,34.48,1
seo platforms,SEO,0,1206,0%,53.77,1
marketing structure,marketing,0,1167,0%,17.71,1
key saas metrics,saas,0,1162,0%,26.05,1
technical seo jobs,SEO,0,1162,0%,30.49,1
managing seo,SEO,0,1157,0%,42.35,1
demand generation strategies,demand generation,0,1157,0%,59.86,1
saas go to market strategy,saas,0,1132,0%,46.74,1
saas demand generation,demand generation,0,1125,0%,19.07,1
newest seo software,SEO,0,1120,0%,48.03,1
saas marketing seo,marketing,0,1106,0%,21.28,1
saas marketing budget,marketing,0,1092,0%,62.62,1
seo agents,SEO,0,1068,0%,44.28,1
inbound marketing for saas companies,marketing,0,1061,0%,11.49,1
best seo management,SEO,0,1036,0%,39.63,1
saas sales metrics,saas,0,1029,0%,37.52,1
seo link building company,SEO,0,1012,0%,80.67,1
b2b saas marketing strategies,marketing,0,1010,0%,60.2,1
link outreach services,link building,0,1008,0%,74.13,1
auto seo software,SEO,0,998,0%,70.75,1
all seo software,SEO,0,988,0%,56.25,1
seo analytics software,SEO,0,983,0%,67.93,1
saas tool,saas,0,980,0%,40.86,1
saas seo strategy,SEO,0,978,0%,51.63,1
demand generation strategy,demand generation,0,976,0%,72.34,1
sales and marketing team structure,marketing,0,960,0%,1.48,1
demand generation best practices,demand generation,0,945,0%,48.71,1
tools for seo,SEO,0,937,0%,61.13,1
seo marketing company,marketing,0,924,0%,73.23,1
seo keyword software,SEO,0,918,0%,63.86,1
seo team structure,SEO,0,916,0%,58.73,1
best seo analysis software,SEO,0,905,0%,59.83,1
b2b seo consultant,SEO,0,897,0%,83.78,1
saas marketing company,marketing,0,896,0%,11.9,1
seo platform tools,SEO,0,894,0%,58.21,1
seo automation tools,SEO,0,879,0%,74.64,1
link build,link building,0,878,0%,55.1,1
seo analytics tools,SEO,0,868,0%,71.62,1
b2b seo specialist,SEO,0,859,0%,46.46,1
specialist seo agency,SEO,0,853,0%,45.32,1
seo management companies,SEO,0,849,0%,39.9,1
lead generation vs demand generation,demand generation,0,838,0%,46.05,1
saas marketing services,marketing,0,835,0%,29.57,1
link building guide,link building,0,835,0%,64.88,1
technical seo consultancy,SEO,0,831,0%,52.05,1
link building strategy,link building,0,823,0%,45.21,1
seo specialist agency,SEO,0,820,0%,39.54,1
seo software trial,SEO,0,811,0%,87.71,1
demand generation campaigns,demand generation,0,809,0%,68.82,1
seo strategy agency,SEO,0,796,0%,72.14,1
seo tools software free download,SEO,0,794,0%,57.42,1
link building examples,link building,0,794,0%,64.87,1
outreach link building service,link building,0,781,0%,71.75,1
link building specialist,link building,0,780,0%,62.44,1
b2b seo tools,SEO,0,779,0%,67.87,1
seo management agency,SEO,0,775,0%,35.09,1
marketing team,marketing,0,772,0%,52.14,1
how to link build,link building,0,769,0%,64.86,1
seo backlink agency,SEO,0,767,0%,48.01,1
seo for software companies,SEO,0,761,0%,62.06,1
best seo ranking software,SEO,0,755,0%,64.42,1
seo job,SEO,0,744,0%,55.19,1
best software for seo,SEO,0,743,0%,57.96,1
content marketing team structure,marketing,0,739,0%,59.24,1
b2b saas inbound marketing,marketing,0,737,0%,9.82,1
saas marketing tactics,marketing,0,734,0%,34.57,1
new seo software,SEO,0,730,0%,53.53,1
b2b saas agency,sales page,0,724,0%,22.21,1
seo. agency.,SEO,0,721,0%,42.01,1
seo link management,SEO,0,721,0%,68.31,1
key marketing metrics,marketing,0,717,0%,59.49,1
what are marketing metrics,marketing,0,709,0%,73.94,1
seo software comparison,SEO,0,690,0%,57.74,1
seo checker software,SEO,0,687,0%,72.65,1
saas sales definition,saas,0,684,0%,54.42,1
seo link building,SEO,0,680,0%,54.68,1
seo software best,SEO,0,673,0%,63.96,1
seo analysis platform,SEO,0,672,0%,60.65,1
saas seo company,SEO,0,670,0%,9.15,1
link outreach agency,sales page,0,670,0%,25.98,1
best tools for seo,SEO,0,667,0%,61.79,1
saas ppc agency,sales page,0,659,0%,54.58,1
automated seo software,SEO,0,655,0%,88.38,1
seo agoncy,SEO,0,651,0%,39.14,1
seoagency,SEO,0,630,0%,52.41,1
seo agency for saas companies,SEO,0,622,0%,9.21,1
website seo software,SEO,0,622,0%,80.44,1
marketing strategy for saas products,marketing,0,621,0%,19.68,1
saas marketing best practices,marketing,0,620,0%,45.19,1
saas marketing firms,marketing,0,612,0%,12.46,1
best saas marketing campaigns,marketing,0,610,0%,37.48,1
platform for seo,SEO,0,607,0%,78.16,1
saas digital marketing agency,marketing,0,602,0%,35.65,1
free seo platform,SEO,0,602,0%,67.38,1
what is demand generation,demand generation,0,602,0%,87.01,1
top saas tools,saas,0,599,0%,24.31,1
marketing digital saas,marketing,0,598,0%,22.24,1
seo growth strategy,SEO,0,597,0%,59.2,1
saas market,saas,0,594,0%,52.52,1
link building outreach agency,sales page,0,589,0%,22.56,1
b2b saas marketing strategy,marketing,0,589,0%,69.88,1
saas digital marketing strategy,marketing,0,586,0%,18.16,1
seo agent,SEO,0,583,0%,23.28,1
which seo agency,SEO,0,582,0%,54.98,1
seo rank software,SEO,0,581,0%,77.44,1
happyscribe.com,other,0,580,0%,6.82,1
seo check software,SEO,0,579,0%,74.47,1
content marketing guide,marketing,0,569,0%,54.57,1
sales saas tools,saas,0,568,0%,24.68,1
marketing saas seo,marketing,0,567,0%,24.89,1
saas marketing solutions,marketing,0,561,0%,6.75,1
seo optimization agency,SEO,0,561,0%,72.77,1
best demand generation tactics,demand generation,0,560,0%,40.69,1
saas automation,saas,0,559,0%,24.95,1
best seo tools software,SEO,0,558,0%,52.99,1
marketing seo agency,marketing,0,551,0%,73.32,1
software marketing strategy,marketing,0,549,0%,61.8,1
testimonial link building,link building,0,545,0%,38.32,1
automatic seo software,SEO,0,538,0%,54.96,1
marketing saas solutions,marketing,0,536,0%,10.7,1
enterprise seo saas,SEO,0,531,0%,52.39,1
linkbuilding services,link building,0,531,0%,85.31,1
free link building,link building,0,529,0%,54.36,1
seo software competitor,SEO,0,529,0%,62.5,1
best saas tools,saas,0,528,0%,20.41,1
saas marketing funnel,marketing,0,525,0%,71.1,1
saas email tracking,saas,0,524,0%,36.63,1
best seo software tools,SEO,0,522,0%,61.55,1
agent seo,SEO,0,519,0%,31,1
saas seo tips,SEO,0,517,0%,36.67,1
saas marketing campaigns,marketing,0,517,0%,43.67,1
b2b saas marketing budget,marketing,0,517,0%,73.56,1
happy scribe.com,other,0,513,0%,7.26,1
inbound marketing funnel,marketing,0,513,0%,75.12,1
seo competition software,SEO,0,508,0%,40.78,1
best saas marketing,marketing,0,506,0%,21.19,1
saas marketing analytics,marketing,0,504,0%,36.15,1
demand generation campaign ideas,demand generation,0,502,0%,59.88,1
saas growth marketing,marketing,0,501,0%,61.14,1
latka,other,0,494,0%,23.46,1
link building plan,link building,0,494,0%,64.95,1
how to build a marketing team,marketing,0,492,0%,28.39,1
marketing metrics to track,marketing,0,491,0%,38.91,1
link outreach service,link building,0,491,0%,75.27,1
seo free software,SEO,0,491,0%,79.86,1
content marketing agency saas,marketing,0,486,0%,29.07,1
saas marketing channels,marketing,0,485,0%,63.84,1
seo outreach agency,SEO,0,484,0%,81,1
seo ranking software free,SEO,0,476,0%,74.9,1
agency link building,sales page,0,471,0%,16.05,1
saas marketing automation software,marketing,0,470,0%,15.11,1
compare seo platforms,SEO,0,468,0%,57.93,1
saas technical seo,SEO,0,464,0%,22.52,1
saas marketing insights,marketing,0,464,0%,51.33,1
marketing strategy software,marketing,0,463,0%,74.22,1
saas tracking,saas,0,458,0%,34.87,1
seo growth,SEO,0,458,0%,54.99,1
saas kpi,saas,0,457,0%,32.54,1
seo for growth,SEO,0,457,0%,57.97,1
product marketing org structure,marketing,0,453,0%,40.59,1
demand generation marketing,marketing,0,453,0%,72.15,1
b2b marketing kpi examples,marketing,0,452,0%,79.46,1
content writing for saas,saas,0,450,0%,79.44,1
outreach link building services,link building,0,449,0%,91.92,1
seo competition tool,SEO,0,444,0%,59.57,1
linkbuilding,link building,0,444,0%,62.7,1
outsource link building services,link building,0,443,0%,55.91,1
all seo tools,SEO,0,443,0%,71.36,1
software marketing strategies,marketing,0,440,0%,68.08,1
saas org chart,saas,0,439,0%,10.42,1
seo link building strategy,SEO,0,436,0%,45.94,1
lead generation kpis,other,0,435,0%,43.88,1
s e o software,other,0,435,0%,75.29,1
how to structure a marketing team,marketing,0,434,0%,21.07,1
seo management software,SEO,0,432,0%,80.96,1
best seo agencies,SEO,0,426,0%,63.25,1
saas company metrics,saas,0,418,0%,42.63,1
saas b2b marketing strategy,marketing,0,416,0%,74.55,1
content creation for saas,saas,0,412,0%,9.13,1
agence linkbuilding,link building,0,412,0%,27.76,1
link building united-states,link building,0,411,0%,16.42,1
seo link building software,SEO,0,409,0%,62.99,1
go to market strategy b2b saas,saas,0,409,0%,75.45,1
saas agentur,saas,0,407,0%,26.08,1
enterprise saas marketing strategy,marketing,0,406,0%,37.83,1
link building manager,link building,0,404,0%,31.3,1
link and build,link building,0,404,0%,62.89,1
what is link building,link building,0,404,0%,70.57,1
best seo platforms,SEO,0,402,0%,59.61,1
saas eam,saas,0,401,0%,36.64,1
content production for saas,saas,0,399,0%,12.66,1
demand generation ideas,demand generation,0,399,0%,47.11,1
seo strategies for saas,SEO,0,399,0%,60.81,1
seo strategy for saas,SEO,0,398,0%,59.26,1
complete content marketing,marketing,0,396,0%,32.52,1
seo platform,SEO,0,396,0%,58.43,1
pictochart,other,0,394,0%,39.61,1
marketing strategy saas,marketing,0,391,0%,20.29,1
what are key metrics in marketing,marketing,0,388,0%,51.03,1
seo evaluation tool,SEO,0,388,0%,70.23,1
best saas marketing agencies,marketing,0,385,0%,20.88,1
demand generation campaign examples,demand generation,0,385,0%,64.9,1
metrics for saas products,saas,0,381,0%,27.69,1
seo software platforms,SEO,0,379,0%,70.9,1
easy to use seo software,SEO,0,376,0%,62.4,1
saas business model metrics,saas,0,375,0%,32.81,1
what does saas stand for,saas,0,375,0%,87.29,1
seo vendor,SEO,0,374,0%,39.19,1
saas marketing trends,marketing,0,374,0%,53.14,1
technical seo consultants,SEO,0,373,0%,91.29,1
saas marketing plan example,marketing,0,372,0%,17.74,1
saas lead generation,saas,0,372,0%,88.82,1
saas operating metrics,saas,0,371,0%,43.3,1
saas seo strategies,SEO,0,371,0%,47.63,1
seo evaluation software,SEO,0,369,0%,58.81,1
saas content marketing services,marketing,0,368,0%,59.22,1
digital advertising for saas,saas,0,365,0%,13.95,1
seo for software,SEO,0,362,0%,70.69,1
examples of link building,link building,0,358,0%,62.15,1
seo consulting for saas companies,SEO,0,357,0%,12.77,1
how to measure seo roi,SEO,0,356,0%,58.22,1
linkbuilding guide,link building,0,353,0%,56.1,1
unicorn seo,SEO,0,352,0%,38.39,1
financial kpis for saas companies,saas,0,352,0%,78.62,1
how to build links,link building,0,351,0%,67.13,1
what is demand generation vs lead generation,demand generation,0,350,0%,33.77,1
saas business marketing strategy,marketing,0,349,0%,16.85,1
b2b seo agencies,SEO,0,346,0%,77.26,1
saas seo guide,SEO,0,345,0%,33.24,1
b2b marketing kpis,marketing,0,344,0%,93.1,1
best platform for seo,SEO,0,343,0%,67.3,1
saas usage metrics,saas,0,341,0%,41.95,1
b2b marketing metrics,marketing,0,341,0%,65.94,1
saas demand gen,demand generation,0,339,0%,16.07,1
saas roi,saas,0,339,0%,40.7,1
email management strategies,other,0,338,0%,75.05,1
social media strategy for saas,saas,0,337,0%,63.2,1
growth marketing tools,marketing,0,336,0%,66.24,1
saas growth metrics,saas,0,334,0%,38.54,1
https://seranking.com/subscription.html,other,0,334,0%,67.96,1
link building spain,link building,0,334,0%,80.97,1
saas business metrics,saas,0,331,0%,38.34,1
kpis saas,saas,0,329,0%,18.27,1
b2b saas analytics,saas,0,329,0%,34.7,1
most powerful seo software,SEO,0,329,0%,40.21,1
entry level seo jobs,SEO,0,328,0%,44.26,1
saas marketing mix,marketing,0,325,0%,11.6,1
saas marketing plan sample,marketing,0,323,0%,18.28,1
linkbuilding spain,link building,0,323,0%,37.85,1
best link building software,link building,0,323,0%,72.34,1
picktochart,other,0,321,0%,40.49,1
saas success metrics,saas,0,319,0%,61.69,1
content marketing team roles,marketing,0,319,0%,72.25,1
saas based marketing,marketing,0,317,0%,2.82,1
growth marketing metrics,marketing,0,317,0%,39.52,1
seo unicorn,SEO,0,317,0%,46.76,1
saas social media marketing,marketing,0,316,0%,52.64,1
link strategies,link building,0,316,0%,57.63,1
inbound marketing metrics,marketing,0,315,0%,60.38,1
list of saas tools,saas,0,313,0%,67.63,1
content marketing team,marketing,0,312,0%,66.4,1
demand gen strategy,demand generation,0,311,0%,55.79,1
seo testing software,SEO,0,311,0%,65.82,1
video marketing saas,marketing,0,311,0%,67.39,1
go to market strategy for b2b saas companies,saas,0,311,0%,72.98,1
link building services for seo agencies,SEO,0,311,0%,82.95,1
automated seo tools,SEO,0,310,0%,80.35,1
saas sales playbook,saas,0,309,0%,78.74,1
seo consulting for saas,SEO,0,308,0%,9.12,1
lead generation performance metrics,other,0,308,0%,26.89,1
b2b tech seo agency,SEO,0,308,0%,67.09,1
outsourcing link building,link building,0,307,0%,21.14,1
saas marketing manager,marketing,0,307,0%,56.31,1
marketing strategy agencies,marketing,0,306,0%,40.85,1
remote seo consultant,SEO,0,305,0%,33.75,1
roi seo,SEO,0,305,0%,84.4,1
marketing tools for business growth,marketing,0,303,0%,47.49,1
how to market your saas,saas,0,302,0%,41.56,1
building a marketing department,marketing,0,301,0%,29.95,1
free seo tools and software,SEO,0,301,0%,66.5,1
saas product marketing plan,marketing,0,300,0%,12.05,1
best demand generation strategies,demand generation,0,299,0%,37.63,1
tools seo,SEO,0,299,0%,60.65,1
marketing for saas products,marketing,0,297,0%,10.8,1
b2b marketing campaign saas growth,marketing,0,297,0%,68.3,1
what is seo management,SEO,0,295,0%,84.09,1
marketing automation tips,marketing,0,294,0%,52.21,1
demand vs lead generation,demand generation,0,291,0%,29.93,1
agence link building,link building,0,290,0%,11.01,1
seo backlink software,SEO,0,290,0%,58.47,1
seo rankings software,SEO,0,289,0%,67.83,1
seo software ranking,SEO,0,289,0%,69.47,1
example of link building,link building,0,288,0%,72.97,1
saas content production,saas,0,287,0%,9.3,1
link building in seo,SEO,0,286,0%,62.74,1
enterprise saas marketing,marketing,0,285,0%,44.65,1
seo jobs remote,SEO,0,284,0%,21.52,1
technical seo for saas,SEO,0,284,0%,29.99,1
business plan for saas,saas,0,284,0%,39.66,1
linkbuilding specialist,link building,0,282,0%,60.14,1
b2b saas inbound marketing agency,marketing,0,280,0%,21.58,1
how to market your saas business,saas,0,279,0%,18.03,1
linkbuilding voor agencies,link building,0,279,0%,25.09,1
saas inbound marketing agency,marketing,0,278,0%,17.99,1
saas strategy,saas,0,278,0%,58.23,1
kpi saas,saas,0,277,0%,20.62,1
saas digital advertising agency,sales page,0,277,0%,52.12,1
go to market strategy saas,saas,0,277,0%,54.4,1
new seo platforms,SEO,0,276,0%,59.3,1
marketing tool,marketing,0,276,0%,60.18,1
digital marketing team structure,marketing,0,276,0%,75.38,1
seo tool for saas companies,SEO,0,275,0%,1.56,1
agency for link building,sales page,0,275,0%,17.69,1
demand generation for saas,demand generation,0,275,0%,23.78,1
seo content software,SEO,0,275,0%,72.71,1
b2b saas marketing channels,marketing,0,274,0%,68.01,1
link building outreach,link building,0,273,0%,59.89,1
b2b inbound marketing for saas companies,marketing,0,272,0%,12.58,1
remote seo,SEO,0,271,0%,17.68,1
seo work,SEO,0,271,0%,46.53,1
manage seo,SEO,0,271,0%,53.55,1
link building techniques,link building,0,271,0%,80.45,1
sales and marketing metrics,marketing,0,270,0%,42.09,1
search engine ranking software,other,0,270,0%,72.69,1
content seo agency,SEO,0,268,0%,39.01,1
saas content marketing freelancer,marketing,0,266,0%,56.22,1
saas sales tools,saas,0,266,0%,64.4,1
seo agency for b2b,SEO,0,265,0%,77.74,1
b2b demand generation best practices,demand generation,0,263,0%,21.68,1
seo occupation,SEO,0,263,0%,38.29,1
inbound marketing para saas,marketing,0,263,0%,42.07,1
small marketing department structure,marketing,0,262,0%,1.02,1
keyword analysis for saas,saas,0,262,0%,5.87,1
spanish link buiding,link building,0,262,0%,37.92,1
link building consultant,link building,0,259,0%,89.05,1
b2b marketing department structure,marketing,0,258,0%,41.97,1
metrics marketing,marketing,0,258,0%,50.29,1
monthly link building,link building,0,258,0%,52.43,1
demand generation strategy examples,demand generation,0,258,0%,73.37,1
role of sales teams within marketing strategy,marketing,0,256,0%,39.47,1
tools of seo,SEO,0,256,0%,60.26,1
linkbuilding plan,link building,0,256,0%,66.24,1
link building example,link building,0,256,0%,73.59,1
b2b seo strategy,SEO,0,256,0%,75.77,1
top seo agency,SEO,0,255,0%,54.79,1
saas sales funnel metrics,saas,0,254,0%,37.7,1
saas campaign,saas,0,254,0%,43.58,1
monthly link building service,link building,0,254,0%,81.94,1
simple saas seo,SEO,0,253,0%,24.44,1
seo agency growth,SEO,0,253,0%,30.05,1
seo return on investment,SEO,0,253,0%,87,1
how to scale your marketing team,marketing,0,252,0%,22.27,1
buy seo software,SEO,0,250,0%,74.07,1
key metrics for saas companies,saas,0,249,0%,25.36,1
kpi for saas business,saas,0,249,0%,26.45,1
seo handbook,SEO,0,249,0%,42.07,1
software sales marketing plan,marketing,0,249,0%,45.53,1
lead demand generation,demand generation,0,249,0%,50.66,1
professional seo software tools,SEO,0,249,0%,56.52,1
inbound marketing features,marketing,0,249,0%,58.91,1
seo online software,SEO,0,249,0%,89.96,1
top saas marketing agencies,marketing,0,248,0%,26.44,1
saas branding,saas,0,247,0%,80.32,1
saas marketing experts,marketing,0,245,0%,6.49,1
saas content strategist,saas,0,245,0%,12.31,1
demand generation vs. lead generation,demand generation,0,245,0%,36.63,1
link building proposal,link building,0,244,0%,60.06,1
complete seo tools,SEO,0,244,0%,63.21,1
saas marketing budgets,marketing,0,244,0%,69.55,1
marketing strategy b2b saas,marketing,0,244,0%,70.16,1
email marketing strategies and tactics,marketing,0,240,0%,40.1,1
in house seo,SEO,0,240,0%,88.42,1
improve seo saas,SEO,0,239,0%,35.56,1
seo tools features,SEO,0,238,0%,56.89,1
growth marketing team,marketing,0,238,0%,76.11,1
saas business marketing,marketing,0,237,0%,7.93,1
free seo automation tools,SEO,0,237,0%,62.39,1
specialist b2b seo agency,SEO,0,236,0%,36.12,1
aarrr metrics saas,saas,0,235,0%,74.72,1
saas metrics and kpis,saas,0,234,0%,19.29,1
web seo software,SEO,0,234,0%,84.8,1
specialist marketing agency,marketing,0,233,0%,67.11,1
structure of marketing department,marketing,0,232,0%,2.44,1
seo monitoring tool,SEO,0,230,0%,74.19,1
b2b saas meaning,saas,0,229,0%,69.03,1
saas seo case study,SEO,0,229,0%,70.46,1
top saas marketing companies,marketing,0,228,0%,29.32,1
seo strategies for saas companies,SEO,0,228,0%,72.91,1
link building strategies 2020,link building,0,227,0%,60.14,1
b2b saas marketing funnel,marketing,0,226,0%,48,1
saas metrics ltv cac,saas,0,226,0%,63.76,1
linkbuilding service,link building,0,226,0%,84.76,1
best seo saas companies,SEO,0,225,0%,13.75,1
seo software free,SEO,0,225,0%,78.97,1
canva competitors,other,0,224,0%,59.08,1
inbound saas marketing strategy,marketing,0,223,0%,8.03,1
is there any software for seo,SEO,0,223,0%,53.51,1
saas marketing help,marketing,0,221,0%,16.62,1
marketing operations team structure,marketing,0,221,0%,50.49,1
free automated seo software,SEO,0,221,0%,64.13,1
best email marketing strategies,marketing,0,220,0%,62.01,1
saas seo consulting agencies,SEO,0,219,0%,4.73,1
agencies seo,SEO,0,219,0%,43.88,1
seo automation platform,SEO,0,219,0%,76.35,1
seo for saas company,SEO,0,218,0%,47.9,1
seo team roles,SEO,0,218,0%,57.32,1
saas startup sales strategy,saas,0,218,0%,64.53,1
saas demand generation agency,demand generation,0,217,0%,66.44,1
saas customer engagement metrics,saas,0,216,0%,58.44,1
saas seo firms,SEO,0,215,0%,5.48,1
marketing strategy for software product,marketing,0,215,0%,64.12,1
seo analysis tools,SEO,0,214,0%,69.56,1
seo writing software,SEO,0,214,0%,76.3,1
seo at scale,SEO,0,213,0%,25.36,1
tool for seo,SEO,0,213,0%,65.12,1
how to calculate seo roi,SEO,0,213,0%,85.96,1
unlinked brand mentions,link building,0,213,0%,93.76,1
brand team structure,other,0,212,0%,1.4,1
marketing saas platforms,marketing,0,212,0%,6.99,1
marketing agencies for saas,marketing,0,212,0%,12.66,1
most important marketing metrics,marketing,0,212,0%,46.44,1
powerful seo software,SEO,0,212,0%,59.41,1
top link building tactics,link building,0,212,0%,70.92,1
demand generation system,demand generation,0,211,0%,38.31,1
remote seo expert,SEO,0,211,0%,49.32,1
saas email sequence,saas,0,210,0%,42.53,1
b2b seo company,SEO,0,209,0%,77.31,1
link building services agency,sales page,0,209,0%,85.02,1
startup marketing metrics,marketing,0,208,0%,40.55,1
marketing plan for software,marketing,0,208,0%,79.31,1
saas startup metrics,saas,0,207,0%,44.68,1
product marketing team,marketing,0,207,0%,45.35,1
b2b saas digital marketing,marketing,0,207,0%,60.24,1
b2b saas go to market strategy,saas,0,207,0%,75.87,1
seo company for saas,SEO,0,206,0%,10.75,1
saas growth tools,saas,0,206,0%,15.09,1
best seo link building strategy,SEO,0,206,0%,45.74,1
best tool for seo,SEO,0,206,0%,57.93,1
demand generation funnel,demand generation,0,206,0%,68.01,1
tier link building,link building,0,206,0%,75.27,1
content marketing agencies for saas,marketing,0,205,0%,29.92,1
saas b2b marketing plan,marketing,0,205,0%,32.59,1
saas product metrics,saas,0,205,0%,40.67,1
seo tools price,SEO,0,205,0%,73.59,1
automatic seo tool,SEO,0,205,0%,84.92,1
saas design agency,sales page,0,204,0%,69.49,1
content marketing strategy guide,marketing,0,203,0%,60.99,1
outreach seo,SEO,0,203,0%,69.33,1
back link building agency,sales page,0,202,0%,40.52,1
saas marketing ideas,marketing,0,202,0%,55.18,1
seo measurement tool,SEO,0,202,0%,69.95,1
free link building software,link building,0,202,0%,71.25,1
saas operations team structure,saas,0,201,0%,13.07,1
saas product management metrics,saas,0,200,0%,55.66,1
saas search optimization,saas,0,199,0%,36.88,1
data driven demand generation,demand generation,0,199,0%,43.06,1
saas pr agency,sales page,0,199,0%,51.92,1
google jobs seo,SEO,0,199,0%,55.41,1
keyword research methods,other,0,199,0%,68.16,1
seo and content agency,SEO,0,199,0%,69.21,1
seo kpi,SEO,0,199,0%,70.15,1
link building consultancy,link building,0,198,0%,13.06,1
growth marketing playbook,marketing,0,198,0%,67.71,1
seo management strategies,SEO,0,197,0%,55.49,1
analytics seo software,SEO,0,197,0%,76.58,1
saas business advertising strategy,saas,0,196,0%,19.96,1
demand generation campaign,demand generation,0,196,0%,67.93,1
b2b link building,link building,0,196,0%,82.4,1
marketing team structure b2b,marketing,0,194,0%,24.62,1
content marketing organization structure,marketing,0,194,0%,59.72,1
how do you link build,link building,0,193,0%,55.07,1
all seo tool,SEO,0,193,0%,67.23,1
marketing analytics saas,marketing,0,193,0%,71.52,1
saas video marketing,marketing,0,191,0%,43.8,1
cross promotion saas,saas,0,191,0%,48.58,1
field marketing organization structure,marketing,0,191,0%,52.05,1
sales and marketing strategy for saas,marketing,0,190,0%,16.04,1
saas business strategy,saas,0,190,0%,30.55,1
saas distribution strategy,saas,0,190,0%,34.35,1
marketing metric,marketing,0,190,0%,82.99,1
canva vs piktochart,other,0,190,0%,84.09,1
b2b saas kpis,saas,0,189,0%,11.43,1
best way to do seo for saas,SEO,0,189,0%,27.02,1
link building checklist,link building,0,189,0%,40.62,1
se ranking lifetime deal,other,0,189,0%,42.41,1
best demand generation campaigns,demand generation,0,189,0%,50.28,1
outreach link building company,link building,0,189,0%,65.48,1
search engine optimization jobs online,other,0,189,0%,66.6,1
lead generation analytics,other,0,189,0%,69.24,1
startup marketing team structure,marketing,0,188,0%,2.5,1
saas marketing model,marketing,0,188,0%,10.11,1
saas plan,saas,0,188,0%,22.68,1
outreach saas,saas,0,188,0%,34.92,1
how to get an seo job,SEO,0,188,0%,41.3,1
demand metric,demand generation,0,188,0%,44.77,1
growth marketing saas,marketing,0,188,0%,64.37,1
demand generation plan,demand generation,0,188,0%,65.13,1
how to scale a marketing agency,marketing,0,188,0%,75.41,1
marketing team structure 2021,marketing,0,187,0%,1.61,1
how to structure a marketing department,marketing,0,187,0%,19.08,1
saas product kpis,saas,0,187,0%,29.53,1
product marketing software,marketing,0,187,0%,66.85,1
useful seo tools,SEO,0,186,0%,47.28,1
seo online jobs,SEO,0,185,0%,45.27,1
seo management experts,SEO,0,185,0%,59.83,1
seo tool sass,SEO,0,184,0%,1.34,1
outreach link agency,sales page,0,184,0%,22.29,1
seo agency business model,SEO,0,184,0%,45.05,1
advertising team structure,other,0,184,0%,54.54,1
demand generation analytics,demand generation,0,183,0%,6.93,1
customer success metrics saas,saas,0,183,0%,64.37,1
seo technology platform,SEO,0,183,0%,68.58,1
seo desktop software,SEO,0,183,0%,70.96,1
seo marketing for saas companies,marketing,0,182,0%,34.64,1
product marketing reporting structure,marketing,0,182,0%,51.13,1
metrics that matter for b2b marketers,other,0,182,0%,63.23,1
happy scribe sign up,other,0,181,0%,9.33,1
growth marketing team structure,marketing,0,181,0%,10.83,1
most important saas metrics,saas,0,181,0%,18.62,1
kpis for saas companies,saas,0,181,0%,21.09,1
link building for agency,sales page,0,181,0%,22.08,1
seo tools comparison,SEO,0,181,0%,67.28,1
link building seo agency,SEO,0,180,0%,27.5,1
saas upsell metrics,saas,0,179,0%,26.89,1
saas email marketing templates,marketing,0,179,0%,36.6,1
lead generation kpi,other,0,177,0%,38.38,1
surfer seo free trial,SEO,0,177,0%,54.58,1
what is behavioral email,other,0,177,0%,65.56,1
growth marketing kpis,marketing,0,177,0%,76.81,1
go to market strategy for b2b saas,saas,0,177,0%,78.42,1
saas company org chart,saas,0,176,0%,5.61,1
advertising for saas companies,saas,0,176,0%,32.7,1
best link building strategies,link building,0,176,0%,37.98,1
how to advertise saas,saas,0,176,0%,52.39,1
software para linkbuilding,link building,0,176,0%,54.84,1
seo agency software,SEO,0,176,0%,83.45,1
saas advertising companies,saas,0,175,0%,18.14,1
saas seo marketing,marketing,0,175,0%,18.28,1
link building for in house teams,link building,0,175,0%,25.12,1
digital marketing for b2b saas,marketing,0,175,0%,65.31,1
demand generation saas,demand generation,0,174,0%,20.91,1
saas ppc consultants,saas,0,174,0%,62.02,1
best saas marketing firms,marketing,0,173,0%,29.35,1
marketing strategy for saas company,marketing,0,173,0%,31.17,1
saas marketing strategy advisors,marketing,0,173,0%,37.94,1
backlink outreach services,link building,0,173,0%,86.08,1
complete link building,link building,0,172,0%,37.7,1
go to market strategy for saas products,saas,0,172,0%,67.47,1
demand generation team,demand generation,0,172,0%,71.76,1
brand marketing team structure,marketing,0,171,0%,1,1
inbound marketing buyer journey saas,marketing,0,171,0%,14.35,1
keyword 8,other,0,171,0%,30.9,1
dedicated link building specialist,link building,0,171,0%,40.79,1
seo tools and software,SEO,0,171,0%,50.87,1
best saas marketing strategies,marketing,0,171,0%,53.6,1
best link building companies,link building,0,171,0%,67.76,1
seo positions,SEO,0,170,0%,56.87,1
saas support plans,saas,0,170,0%,58.72,1
guide seo saas,SEO,0,169,0%,46.46,1
careers in seo,SEO,0,169,0%,58.36,1
seo specialist company,SEO,0,169,0%,66.82,1
b2b saas content strategy,saas,0,168,0%,14.2,1
mail saas,saas,0,168,0%,41.12,1
saas keyword analysis,saas,0,167,0%,6.15,1
saas agencies,saas,0,167,0%,16.3,1
top saas marketing firms,marketing,0,167,0%,36.92,1
seo for b2b saas,SEO,0,167,0%,45.99,1
what is saas product,saas,0,167,0%,53.11,1
marketing playbook,marketing,0,167,0%,76.95,1
seo company seo,SEO,0,166,0%,57.57,1
looking for seo job,SEO,0,166,0%,66.02,1
best b2b seo firm,SEO,0,166,0%,72.84,1
seo traffic software,SEO,0,166,0%,75.14,1
agency link building services,sales page,0,166,0%,83.34,1
saas vendors must use inbound marketing,marketing,0,165,0%,27.22,1
best marketing metrics to track,marketing,0,165,0%,56.47,1
seo analysis software free,SEO,0,165,0%,61.59,1
seo monitoring tools,SEO,0,165,0%,81.67,1
seo agency in egypt,SEO,0,165,0%,94.64,1
saas sales and marketing metrics,marketing,0,164,0%,2.04,1
small business marketing team,marketing,0,164,0%,55.23,1
linkbuilding software,link building,0,164,0%,57.99,1
hire link building specialist,link building,0,164,0%,62.86,1
what is seo software,SEO,0,164,0%,85.87,1
happyscribe jobs,other,0,163,0%,9.58,1